id,first_name,last_name,Website
0,Joshua,Attwood,http://www.joshattwood.com/
1,Jane,Barges,
2,Gabriella,Barkham,
3,Amrita,Bisla,
4,Lisa,Boser,
5,Alizee,Bourgeois,
6,Ava,Braddock,https://www.avabb.co.uk/
7,Ben,Browning,http://www.brwnng.com/
8,Harry,Campbell,
9,Alex,Colehan,
10,Lettie,Conca,
11,Joshua,Conway,
12,Ruby,Cooper,
13,Ellena,Cousins,
14,Tom,Darlington,
15,Priyah,De Chiara,
16,Toby,Dexter,
17,Harry,Dickinson,
18,William,Eels,https://www.willeels.com/
19,Dominic,Fagan,
20,Micol,Galli,
21,Jakob,Hardman,
22,Isobel,Jarvis,
23,Hannah,Johnson,
24,Max,Kohler,http://www.maxkoehler.com/
25,Rae,Kuan,http://www.raekuan.co/
26,Man-Ni,Lan,
27,Sophia,Lok-Yin Ng,
28,Katherine,Marriott,
29,Jack,Martin,
30,Manasi,Mehta,https://www.manasimehta.com/
31,Charlie,Ng,
32,Matt,Organ,
33,Joseph,Parkinson,
34,Joshua,Parry,
35,Jordan,Polk,
36,Michael,Raymond,
37,Ivan,Rerat,
38,Ibrahim,Romman,
39,Shawn,Sawyers,http://www.shawnsawyers.com/
40,Marco,Service,
41,Oliver,Sharland-Harris,
42,Jam,Shing Kwan,
43,Jonathan,Sivel,
44,Natasha,Smith-Langridge,http://natasha-smith-langridge.com
45,Alice,Tomlinson,
46,Imogen,Walker,http://imogen-walker.com/
47,Alice,Watkins,
48,Jordan,Weaver,
49,Adam,Williams,https://adam-williams.org
50,Cameron,Wilson,
51,Hurley,Wood,
52,Yiming,Yang,
53,Keno,Zhang,
54,Yannie,Zhang,